{
  "rounds": [
    {
      "round": 1,
      "time_sec": 174.84885501861572,
      "avg_loss": 0.16568654077500106,
      "avg_psnr": 8.491585026523008,
      "client_metrics": {
        "0": {
          "client_id": 0,
          "loss": 0.19123587049543858,
          "psnr": 7.184306202228951
        },
        "1": {
          "client_id": 1,
          "loss": 0.2321780091524124,
          "psnr": 6.341788983471414
        },
        "2": {
          "client_id": 2,
          "loss": 0.05128309801220894,
          "psnr": 12.900256622792327
        },
        "3": {
          "client_id": 3,
          "loss": 0.2565254605561495,
          "psnr": 5.908695070714386
        },
        "4": {
          "client_id": 4,
          "loss": 0.09721026565879583,
          "psnr": 10.122878253407961
        }
      },
      "alpha": {
        "0": 0.16049352291481556,
        "1": 0.1498261803686143,
        "2": 0.32557855695654886,
        "3": 0.14509707341123723,
        "4": 0.21900465634878427
      }
    },
    {
      "round": 2,
      "time_sec": 164.0547571182251,
      "avg_loss": 0.16434617219120265,
      "avg_psnr": 8.424200301345795,
      "client_metrics": {
        "0": {
          "client_id": 0,
          "loss": 0.1774491237103939,
          "psnr": 7.509261164951092
        },
        "1": {
          "client_id": 1,
          "loss": 0.2330198062211275,
          "psnr": 6.326071445982593
        },
        "2": {
          "client_id": 2,
          "loss": 0.061207639649510384,
          "psnr": 12.131942969237176
        },
        "3": {
          "client_id": 3,
          "loss": 0.2549597039818764,
          "psnr": 5.935284367329529
        },
        "4": {
          "client_id": 4,
          "loss": 0.09509458739310503,
          "psnr": 10.218441559228584
        }
      },
      "alpha": {
        "0": 0.14947360757752923,
        "1": 0.1276307509136256,
        "2": 0.36348499860817673,
        "3": 0.12072973296757032,
        "4": 0.23868089993309874
      }
    },
    {
      "round": 3,
      "time_sec": 157.13157606124878,
      "avg_loss": 0.16809349519014358,
      "avg_psnr": 8.267358406966974,
      "client_metrics": {
        "0": {
          "client_id": 0,
          "loss": 0.19035859510302544,
          "psnr": 7.20427486255495
        },
        "1": {
          "client_id": 1,
          "loss": 0.23181413412094115,
          "psnr": 6.348600691218891
        },
        "2": {
          "client_id": 2,
          "loss": 0.07160378236323595,
          "psnr": 11.450639754741172
        },
        "3": {
          "client_id": 3,
          "loss": 0.255718449652195,
          "psnr": 5.922379202500875
        },
        "4": {
          "client_id": 4,
          "loss": 0.0909725147113204,
          "psnr": 10.410897523818978
        }
      },
      "alpha": {
        "0": 0.1430752403429206,
        "1": 0.11993283737373016,
        "2": 0.36341859809027843,
        "3": 0.11123654238114204,
        "4": 0.2623367718119288
      }
    },
    {
      "round": 4,
      "time_sec": 157.2301962375641,
      "avg_loss": 0.16899414743855595,
      "avg_psnr": 8.195736328982564,
      "client_metrics": {
        "0": {
          "client_id": 0,
          "loss": 0.18179333433508874,
          "psnr": 7.404220208470345
        },
        "1": {
          "client_id": 1,
          "loss": 0.23406435161828995,
          "psnr": 6.30664706468939
        },
        "2": {
          "client_id": 2,
          "loss": 0.07709348486736417,
          "psnr": 11.129822660787049
        },
        "3": {
          "client_id": 3,
          "loss": 0.25753375187516214,
          "psnr": 5.891658282347154
        },
        "4": {
          "client_id": 4,
          "loss": 0.0944858144968748,
          "psnr": 10.246333428618879
        }
      },
      "alpha": {
        "0": 0.14545101281691278,
        "1": 0.1173736153583806,
        "2": 0.3560023815588199,
        "3": 0.10779389337537071,
        "4": 0.27337908689051565
      }
    },
    {
      "round": 5,
      "time_sec": 156.71118688583374,
      "avg_loss": 0.16601952500268818,
      "avg_psnr": 8.238272381302195,
      "client_metrics": {
        "0": {
          "client_id": 0,
          "loss": 0.1637730158865452,
          "psnr": 7.857576268326568
        },
        "1": {
          "client_id": 1,
          "loss": 0.23299054861068724,
          "psnr": 6.32661677370364
        },
        "2": {
          "client_id": 2,
          "loss": 0.07849251365289092,
          "psnr": 11.051717074703314
        },
        "3": {
          "client_id": 3,
          "loss": 0.25552509270608426,
          "psnr": 5.925664284795119
        },
        "4": {
          "client_id": 4,
          "loss": 0.09931645415723324,
          "psnr": 10.02978750498234
        }
      },
      "alpha": {
        "0": 0.1549717071385684,
        "1": 0.11649916610007262,
        "2": 0.3496050655832007,
        "3": 0.1066108992640961,
        "4": 0.2723131519140629
      }
    }
  ],
  "config": {
    "scene_root": "data/trevi",
    "num_clients": 5,
    "rounds": 5,
    "downscale": 8,
    "iters_per_round": 200,
    "batch_size": 512,
    "n_samples": 64,
    "lr_client": 0.0005
  }
}